feature,median
Valid_SMILES,1.0
nBase,2.0
SpAbs_A,53.00079164559872
SpMax_A,2.532449075610347
SpDiam_A,5.022781324947256
SpAD_A,53.00079164559872
SpMAD_A,1.325117505931531
LogEE_A,4.637947706133232
VE1_A,4.6233314706443736
VE2_A,0.118882162163426
VE3_A,2.942787631685955
VR1_A,1743.8431538963475
VR2_A,45.02530388066165
VR3_A,8.855564426400827
nAromAtom,22.0
nAromBond,23.0
nAtom,74.0
nHeavyAtom,40.0
nSpiro,0.0
nHetero,9.0
nH,33.0
nC,31.0
nN,6.0
nO,2.0
nS,0.0
nF,0.0
nX,0.0
ATS0dv,530.0
ATS1dv,554.0
ATS2dv,788.0
ATS3dv,838.0
ATS4dv,799.0
ATS5dv,764.0
ATS6dv,712.0
ATS7dv,671.0
ATS8dv,588.0
ATS0d,250.0
ATS1d,319.0
ATS2d,517.0
ATS3d,585.0
ATS4d,586.0
ATS5d,565.0
ATS6d,537.0
ATS7d,510.0
ATS8d,483.0
ATS0s,257.2222222222222
ATS1s,237.0555555555555
ATS2s,394.2716049382713
ATS3s,502.1111111111108
ATS4s,526.4166666666666
ATS5s,530.7777777777776
ATS6s,512.0555555555555
ATS7s,497.8333333333335
ATS8s,464.8888888888891
ATS0Z,1732.0
ATS1Z,2012.0
ATS2Z,2943.0
ATS3Z,3297.0
ATS4Z,3274.0
ATS5Z,3164.0
ATS6Z,2979.0
ATS7Z,2848.0
ATS8Z,2715.0
ATS0m,6858.14273
ATS1m,7639.041511000009
ATS2m,10950.77818200001
ATS3m,12044.43442400001
ATS4m,11760.735931
ATS5m,11405.16948000001
ATS6m,10702.986774
ATS7m,10236.9000175536
ATS8m,9687.179285999997
ATS0v,16583.6955089418
ATS1v,21038.00469717332
ATS2v,31284.2138668966
ATS3v,35978.06227308459
ATS4v,35883.68765881087
ATS5v,34703.12095470793
ATS6v,33202.82207759588
ATS7v,31714.6766997383
ATS8v,29902.20649908053
ATS0se,560.1961245
ATS1se,602.7428769999995
ATS2se,1049.1699679999997
ATS3se,1350.4939639999989
ATS4se,1495.72946
ATS5se,1459.572022
ATS6se,1399.3548919999994
ATS7se,1342.0737999999994
ATS8se,1295.704076
ATS0pe,458.4068
ATS1pe,511.5907000000003
ATS2pe,871.4951999999992
ATS3pe,1117.266
ATS4pe,1227.6757
ATS5pe,1201.2469
ATS6pe,1150.5812
ATS7pe,1095.5271
ATS8pe,1059.6788
ATS0are,451.3145
ATS1are,498.7499999999999
ATS2are,857.6000000000001
ATS3are,1099.8858
ATS4are,1207.682699999999
ATS5are,1182.086
ATS6are,1134.4599
ATS7are,1081.9979
ATS8are,1043.620799999999
ATS0p,114.928943526074
ATS1p,144.9816677500002
ATS2p,220.3226196090941
ATS3p,261.854538718829
ATS4p,264.992638837168
ATS5p,256.7628326929233
ATS6p,247.242190749111
ATS7p,235.4374794751851
ATS8p,224.2301645866782
ATS0i,12002.99077305597
ATS1i,11662.96390969942
ATS2i,21346.64118939492
ATS3i,28226.29768068596
ATS4i,32122.53134419747
ATS5i,31305.26163362218
ATS6i,29879.87988030796
ATS7i,28557.06204034186
ATS8i,27801.29825026463
AATS0dv,7.220230983671844
AATS1dv,7.152941176470589
AATS2dv,5.902654867256637
AATS3dv,4.802469135802469
AATS4dv,4.218978102189781
AATS5dv,4.132730015082957
AATS6dv,4.028571428571428
AATS7dv,3.867724867724867
AATS8dv,3.499014916971574
AATS0d,3.40625
AATS1d,4.08
AATS2d,3.770588235294118
AATS3d,3.284671532846716
AATS4d,2.98
AATS5d,2.929133858267717
AATS6d,2.956730769230769
AATS7d,2.942148760330578
AATS8d,2.865
AATS0s,3.626700680272109
AATS1s,2.986997635933806
AATS2s,2.834567901234568
AATS3s,2.757697456492636
AATS4s,2.764227642276421
AATS5s,2.790058479532164
AATS6s,2.821969696969697
AATS7s,2.807659932659935
AATS8s,2.716894268570247
AATS0Z,23.125
AATS1Z,25.43269230769231
AATS2Z,21.64705882352941
AATS3Z,18.60176991150442
AATS4Z,16.74534161490683
AATS5Z,16.54128440366972
AATS6Z,16.625
AATS7Z,16.82828282828283
AATS8Z,16.06293706293706
AATS0m,91.45405849333336
AATS1m,96.8592415352114
AATS2m,80.9605102692309
AATS3m,68.22591525454548
AATS4m,60.42369661349684
AATS5m,59.6373419416343
AATS6m,59.89400401587302
AATS7m,60.5332138759124
AATS8m,57.37425061363638
AATS0v,223.7531923716622
AATS1v,267.6699000697498
AATS2v,228.3320680314015
AATS3v,201.0600084178138
AATS4v,182.3193269801631
AATS5v,178.5571016711887
AATS6v,181.3066919272187
AATS7v,182.8176509668692
AATS8v,177.7614012105855
AATS0se,7.616981900134951
AATS1se,7.740221564739599
AATS2se,7.71660808995327
AATS3se,7.62899021494551
AATS4se,7.5810772168674685
AATS5se,7.601166690271131
AATS6se,7.615434974055624
AATS7se,7.604174049880719
AATS8se,7.583638479725701
AATS0pe,6.184588607594936
AATS1pe,6.486917910447765
AATS2pe,6.376427659574457
AATS3pe,6.226903381642512
AATS4pe,6.144684939759035
AATS5pe,6.152962790697676
AATS6pe,6.149747887323939
AATS7pe,6.13611774193548
AATS8pe,6.119162162162165
AATS0are,6.098172727272728
AATS1are,6.33614457831325
AATS2are,6.259139784946237
AATS3are,6.121022831050225
AATS4are,6.050050735294118
AATS5are,6.063768269230767
AATS6are,6.057379141104295
AATS7are,6.052022222222221
AATS8are,6.021759036144576
AATS0p,1.525784415741432
AATS1p,1.835473649400001
AATS2p,1.601467126533774
AATS3p,1.450138830041731
AATS4p,1.345588868340838
AATS5p,1.317831153125194
AATS6p,1.333007014775168
AATS7p,1.341949030208544
AATS8p,1.328943177363903
AATS0i,162.4712293318593
AATS1i,147.32867280083
AATS2i,155.2723557079988
AATS3i,157.8088156180523
AATS4i,160.0815564971545
AATS5i,160.3393847127567
AATS6i,160.1688622965756
AATS7i,159.8844956688009
AATS8i,159.6243407658369
ATSC0c,1.16560872723785
ATSC1c,-0.5100508284226901
ATSC2c,-0.084074173034935
ATSC3c,0.1253275366493064
ATSC4c,0.0014947693474361
ATSC5c,-0.0616023826276218
ATSC6c,-0.0171787305832555
ATSC7c,-0.0038934785812286
ATSC8c,-0.0261493977585825
ATSC0dv,261.7714285714285
ATSC1dv,85.11543684925321
ATSC2dv,42.28672209624594
ATSC3dv,32.71084583205796
ATSC4dv,39.18523146219938
ATSC5dv,18.44031405223522
ATSC6dv,-13.45454545454547
ATSC7dv,-28.21481481481482
ATSC8dv,-43.91012345679014
ATSC0d,43.09090909090909
ATSC1d,17.375
ATSC2d,3.622950819672133
ATSC3d,1.578512396694213
ATSC4d,2.143820670501885
ATSC5d,1.87111111111111
ATSC6d,-2.666666666666674
ATSC7d,-4.318210459987402
ATSC8d,-5.635354736424891
ATSC0s,75.1037037037037
ATSC1s,-2.369963393397257
ATSC2s,4.779506172839509
ATSC3s,3.257298765432097
ATSC4s,3.368887741046831
ATSC5s,-1.558624786515184
ATSC6s,-2.932609957903915
ATSC7s,-2.309404054260022
ATSC8s,-4.038879277201073
ATSC0Z,571.7948717948716
ATSC1Z,34.57100591715981
ATSC2Z,31.33333333333326
ATSC3Z,-16.04694760455057
ATSC4Z,18.34375
ATSC5Z,23.54687499999999
ATSC6Z,-4.851239669421475
ATSC7Z,-34.19954648526078
ATSC8Z,-53.0
ATSC0m,2708.9383189875
ATSC1m,161.9466068296809
ATSC2m,155.3970370711114
ATSC3m,-79.98250427931175
ATSC4m,84.22719065705515
ATSC5m,120.0059923376145
ATSC6m,-20.43210324930751
ATSC7m,-164.0888967346937
ATSC8m,-257.1753574444443
ATSC0v,3703.743857581858
ATSC1v,28.65375262720893
ATSC2v,386.1158854731806
ATSC3v,15.00507371795467
ATSC4v,45.97338163035167
ATSC5v,228.8284695950083
ATSC6v,92.6924125460699
ATSC7v,-193.7100484724521
ATSC8v,-343.676570554988
ATSC0se,4.055904144927535
ATSC1se,-0.0687813619076636
ATSC2se,-0.0124590055426313
ATSC3se,-0.1670728839865306
ATSC4se,0.0386167539439696
ATSC5se,-0.1453029269149965
ATSC6se,-0.1155949822415696
ATSC7se,-0.093954407699295
ATSC8se,-0.2583437836434443
ATSC0pe,6.823115662650598
ATSC1pe,0.2140219503287147
ATSC2pe,0.0257560000000106
ATSC3pe,-0.0131929845422075
ATSC4pe,0.2706710562414234
ATSC5pe,-0.0371245149911798
ATSC6pe,-0.1909727810650881
ATSC7pe,-0.2344841836734554
ATSC8pe,-0.5131937180423668
ATSC0are,7.228523437499996
ATSC1are,0.0968984839476882
ATSC2are,-0.0262092737628972
ATSC3are,-0.0614244897959149
ATSC4are,0.2215125000000005
ATSC5are,-0.1760938271604936
ATSC6are,-0.2084560255198341
ATSC7are,-0.1892093294460657
ATSC8are,-0.5369648760330596
ATSC0p,17.55159795930779
ATSC1p,-0.6547512606560517
ATSC2p,2.138038356415103
ATSC3p,-0.1678172178586044
ATSC4p,-0.3688785134899846
ATSC5p,0.6596589387938161
ATSC6p,0.4479665917610425
ATSC7p,-0.5861855865489738
ATSC8p,-1.50872236093284
ATSC0i,117.9496107740093
ATSC1i,-18.17084617803057
ATSC2i,13.32522243737461
ATSC3i,-2.469817201224734
ATSC4i,-6.208969130702428
ATSC5i,0.136885185296666
ATSC6i,5.042145413014232
ATSC7i,-4.541884455199171
ATSC8i,-12.13690104002893
AATSC0c,0.016684591758958
AATSC1c,-0.0066424306467705
AATSC0dv,3.632222222222223
AATSC1dv,1.120207088809238
AATSC2dv,0.3173235287455706
AATSC3dv,0.1946272994491917
AATSC4dv,0.1937887704666481
AATSC5dv,0.092123017474022
AATSC6dv,-0.0744123118552342
AATSC7dv,-0.1870648259303721
AATSC8dv,-0.265641592920354
AATSC0d,0.5858290723155587
AATSC1d,0.2298926145079989
AATSC2d,0.0300228483836214
AATSC3d,0.0088753005996773
AATSC4d,0.0116326295258198
AATSC5d,0.0111232392535994
AATSC6d,-0.0161879566641471
AATSC7d,-0.0259232954545454
AATSC8d,-0.0357804886660546
AATSC0s,0.9656
AATSC1s,-0.031073942163671
AATSC2s,0.038593944042662
AATSC3s,0.0178462297163055
AATSC4s,0.0171799274005822
AATSC5s,-0.0087927539623112
AATSC6s,-0.0168971180930121
AATSC7s,-0.0129201133252434
AATSC8s,-0.0264969135802469
AATSC0Z,7.208504801097397
AATSC1Z,0.4496011357490531
AATSC2Z,0.241090344459687
AATSC3Z,-0.0907605286438087
AATSC4Z,0.1014351721303467
AATSC5Z,0.1327479338842974
AATSC6Z,-0.0334417278895178
AATSC7Z,-0.2144097222222222
AATSC8Z,-0.3571195038181531
AATSC0m,34.33201811959876
AATSC1m,2.105049927413758
AATSC2m,1.22805333816902
AATSC3m,-0.4638009767354711
AATSC4m,0.487447016088452
AATSC5m,0.6498437926972459
AATSC6m,-0.1480587191978805
AATSC7m,-1.002311662306239
AATSC8m,-1.677066802672052
AATSC0v,50.16954106607267
AATSC1v,0.3746307058027981
AATSC2v,2.835804695923602
AATSC3v,0.0880624371701973
AATSC4v,0.244153920678252
AATSC5v,1.18967518919118
AATSC6v,0.4951063370331567
AATSC7v,-1.194281222167436
AATSC8v,-2.43480088038947
AATSC0se,0.0587403497258942
AATSC1se,-0.0009141424262627
AATSC2se,-0.000108820250254
AATSC3se,-0.0009492380912996
AATSC4se,0.0001932534585334
AATSC5se,-0.0008553927932153
AATSC6se,-0.0006910970752444
AATSC7se,-0.0006226822801274
AATSC8se,-0.0017933428148049
AATSC0pe,0.0972775510204081
AATSC1pe,0.0029300338925421
AATSC2pe,0.0002010878633253
AATSC3pe,-7.846546718369124e-05
AATSC4pe,0.0013288868732678
AATSC5pe,-0.0002205792682926
AATSC6pe,-0.001073159067654
AATSC7pe,-0.0014097717083707
AATSC8pe,-0.0032726511000796
AATSC0are,0.102584168241966
AATSC1are,0.0013232703991509
AATSC2are,-0.0002233136432926
AATSC3are,-0.0004199548025024
AATSC4are,0.001161693325979
AATSC5are,-0.0010096521811158
AATSC6are,-0.0010262943786982
AATSC7are,-0.0012090367575537
AATSC8are,-0.0029980879253236
AATSC0p,0.2265951225505827
AATSC1p,-0.0087116266938958
AATSC2p,0.016328782524576
AATSC3p,-0.0008505023846775
AATSC4p,-0.0021367945417019
AATSC5p,0.0035958299511358
AATSC6p,0.0025042399679746
AATSC7p,-0.0036893627745586
AATSC8p,-0.0109678165878398
AATSC0i,1.557278930489197
AATSC1i,-0.2490424845772889
AATSC2i,0.0960156712740914
AATSC3i,-0.0121632769561588
AATSC4i,-0.0353115284368913
AATSC5i,0.0014646715737432
AATSC6i,0.0301166594175723
AATSC7i,-0.0302372669820222
AATSC8i,-0.07851137839749
MATS1c,-0.4153758091927449
MATS2c,-0.0422482830390062
MATS3c,0.049146532419749
MATS4c,0.0003294305236656
MATS5c,-0.0202017167571718
MATS6c,-0.0070160984757981
MATS7c,-0.0018996111306072
MATS8c,-0.0134440303502147
MATS1dv,0.3104040495344843
MATS2dv,0.0895993600653549
MATS3dv,0.0556260105286548
MATS4dv,0.0562239848885892
MATS5dv,0.0262141333168202
MATS6dv,-0.0210509684962239
MATS7dv,-0.0522329166989752
MATS8dv,-0.0775074354104705
MATS1d,0.387517146776406
MATS2d,0.0516154766653369
MATS3d,0.0152609388278177
MATS4d,0.0200959756076433
MATS5d,0.0182387440098072
MATS6d,-0.029173612764944
MATS7d,-0.0436667424091799
MATS8d,-0.0626598465473145
MATS1s,-0.0355607507408626
MATS2s,0.0454789762435571
MATS3s,0.0273755432125384
MATS4s,0.0245105039648239
MATS5s,-0.0133335486945074
MATS6s,-0.0236351293959243
MATS7s,-0.0231068591218691
MATS8s,-0.0379733948690103
MATS1Z,0.062778546290168
MATS2Z,0.030024093148983
MATS3Z,-0.0112311126626904
MATS4Z,0.0130713688215106
MATS5Z,0.0173558869771185
MATS6Z,-0.0024939893575539
MATS7Z,-0.0248346964996396
MATS8Z,-0.0434983054226475
MATS1m,0.0611913070968753
MATS2m,0.0308120998441625
MATS3m,-0.0109223339828694
MATS4m,0.0112949163477582
MATS5m,0.0177010957959787
MATS6m,-0.0028408730970254
MATS7m,-0.0247539070343499
MATS8m,-0.0437123050814798
MATS1v,0.0069836124185097
MATS2v,0.0570427159520028
MATS3v,0.0017204213866395
MATS4v,0.0053222359512775
MATS5v,0.0249068681143135
MATS6v,0.0107552206986505
MATS7v,-0.0245613337100255
MATS8v,-0.0487719452997008
MATS1se,-0.0167514397186756
MATS2se,-0.0018427190864654
MATS3se,-0.0172192277655417
MATS4se,0.0039840642985087
MATS5se,-0.015915902725532
MATS6se,-0.0117792303530052
MATS7se,-0.0165290347789827
MATS8se,-0.0355844423661699
MATS1pe,0.0325288384227139
MATS2pe,0.0018842676088952
MATS3pe,-0.0005050279171283
MATS4pe,0.0143084033160653
MATS5pe,-0.0020983817662662
MATS6pe,-0.0111427836413198
MATS7pe,-0.0160822079851186
MATS8pe,-0.0375032672883274
MATS1are,0.013326614276558
MATS2are,-0.0021381613939539
MATS3are,-0.0045399576832339
MATS4are,0.0129877538296405
MATS5are,-0.0108688899094016
MATS6are,-0.0103447268871766
MATS7are,-0.0131716350716398
MATS8are,-0.0345103436685169
MATS1p,-0.0372227922719873
MATS2p,0.0702763371482753
MATS3p,-0.003442199357109
MATS4p,-0.0087320924684759
MATS5p,0.0132832212480239
MATS6p,0.009549510705212
MATS7p,-0.0149075333942193
MATS8p,-0.045831384118232
MATS1i,-0.1562270995092997
MATS2i,0.06190243283804
MATS3i,-0.0078766460064714
MATS4i,-0.021017044727187
MATS5i,0.0008736931015141
MATS6i,0.0189842608777982
MATS7i,-0.0187649610034393
MATS8i,-0.0489927985173526
GATS1c,1.485508912852236
GATS2c,1.206610749792945
GATS3c,1.021500337912673
GATS4c,1.001939838243658
GATS5c,1.055322486954379
GATS6c,1.052503308566327
GATS7c,1.01927773559061
GATS8c,1.001470170850011
GATS1dv,0.5285468587746626
GATS2dv,0.8976224860791798
GATS3dv,0.9514529597592544
GATS4dv,0.9586285614982978
GATS5dv,1.000336819260964
GATS6dv,1.05678846798525
GATS7dv,1.073833363795777
GATS8dv,1.09762535756352
GATS1d,0.6886574074074073
GATS2d,1.155393431001891
GATS3d,1.081587012461329
GATS4d,1.009252152873533
GATS5d,1.009244717304397
GATS6d,1.049232306492494
GATS7d,1.052424765190723
GATS8d,1.061946902654867
GATS1s,0.6732770910622575
GATS2s,0.620695632440736
GATS3s,0.8660826423580711
GATS4s,0.9790662650602407
GATS5s,1.092081573928347
GATS6s,1.086667948407159
GATS7s,1.074923244994444
GATS8s,1.08886806962465
GATS1Z,0.7937444527799495
GATS2Z,0.898586456278764
GATS3Z,0.9693270436242324
GATS4Z,0.966303230698372
GATS5Z,0.9621485402091604
GATS6Z,0.9768106612716584
GATS7Z,1.004498966794662
GATS8Z,1.031481874072504
GATS1m,0.7967882452582813
GATS2m,0.8974915088297132
GATS3m,0.9700188746039488
GATS4m,0.966002181470354
GATS5m,0.9614055424474444
GATS6m,0.9753285618142484
GATS7m,1.004322158041006
GATS8m,1.032365224901338
GATS1v,0.962691681602644
GATS2v,0.9009875673803768
GATS3v,0.978055189728072
GATS4v,0.970900321599075
GATS5v,0.9490776809566602
GATS6v,0.9634924925244328
GATS7v,1.000218079114135
GATS8v,1.037900717454263
GATS1se,0.8166973275900762
GATS2se,0.9257528210835668
GATS3se,0.9699336089527189
GATS4se,1.0014166528363055
GATS5se,1.073687374227227
GATS6se,1.062831123560977
GATS7se,1.0408019104923485
GATS8se,1.0442033998419475
GATS1pe,0.7743572753701639
GATS2pe,0.9261808544947684
GATS3pe,0.966910828502524
GATS4pe,0.9752136752136754
GATS5pe,1.036694529528243
GATS6pe,1.026610104278565
GATS7pe,1.018941498931699
GATS8pe,1.019510734009411
GATS1are,0.8107721884257487
GATS2are,0.9602361083160386
GATS3are,0.9782972445202616
GATS4are,0.991824042778536
GATS5are,1.05459294380734
GATS6are,1.036377179978838
GATS7are,1.016557163617169
GATS8are,1.019073212130429
GATS1p,1.084153957404728
GATS2p,0.9410242588453344
GATS3p,1.004627156864944
GATS4p,0.9973737313640124
GATS5p,0.9662941762748009
GATS6p,0.963149412998944
GATS7p,0.992912642402492
GATS8p,1.036919711929187
GATS1i,1.326662391916747
GATS2i,1.068592827470677
GATS3i,1.052826260909901
GATS4i,1.040102272924868
GATS5i,0.9955264988408932
GATS6i,0.9826272788526184
GATS7i,1.014565800896473
GATS8i,1.040787638176246
BCUTc-1h,0.4560117166028236
BCUTc-1l,-0.4119992179466183
BCUTdv-1h,6.023208859055437
BCUTdv-1l,0.9950057036697912
BCUTd-1h,3.295198488179456
BCUTd-1l,0.9772806717524424
BCUTs-1h,7.009361287800233
BCUTs-1l,1.3297749756613224
BCUTZ-1h,8.024703525415859
BCUTZ-1l,5.665895256075466
BCUTm-1h,16.012606713304525
BCUTm-1l,11.679721596373057
BCUTv-1h,20.93312258673164
BCUTv-1l,14.70177809032149
BCUTse-1h,3.703913589361049
BCUTse-1l,2.406528026574523
BCUTpe-1h,3.4910634914891503
BCUTpe-1l,2.210699581411108
BCUTare-1h,3.545644836397837
BCUTare-1l,2.1603484928298484
BCUTp-1h,2.033858895507959
BCUTp-1l,0.7512150478278183
BCUTi-1h,14.55612878122945
BCUTi-1l,10.92467369725988
BalabanJ,1.076785189020275
SpAbs_DzZ,475.7374373504488
SpMax_DzZ,238.6146686934706
SpDiam_DzZ,344.2119930679508
SpAD_DzZ,477.3038464778282
SpMAD_DzZ,11.74387673444024
LogEE_DzZ,238.6146686934706
SM1_DzZ,1.6517857142857144
VE1_DzZ,6.2308271953218
VE2_DzZ,0.1539310730957967
VE3_DzZ,3.217460464398556
VR1_DzZ,311.99836393526107
VR2_DzZ,7.645495472196018
VR3_DzZ,7.142524744302476
SpAbs_Dzm,475.7074679467559
SpMax_Dzm,238.5611281061108
SpDiam_Dzm,344.4952311612667
SpAD_Dzm,477.3544168313693
SpMAD_Dzm,11.748064691079234
LogEE_Dzm,238.5611281061108
SM1_Dzm,1.6542585818167177
VE1_Dzm,6.230770094031112
VE2_Dzm,0.1539309723739527
VE3_Dzm,3.217150324945981
VR1_Dzm,312.0016956247425
VR2_Dzm,7.645536866540167
VR3_Dzm,7.142526543619798
SpAbs_Dzv,602.9766499540651
SpMax_Dzv,300.1313566142443
SpDiam_Dzv,435.43738191802674
SpAD_Dzv,600.929862052541
SpMAD_Dzv,14.829488013107005
LogEE_Dzv,300.1313566142443
SM1_Dzv,-2.848701185928155
VE1_Dzv,6.221977620881297
VE2_Dzv,0.1537592730896574
VE3_Dzv,3.218726185357559
VR1_Dzv,312.540372935478
VR2_Dzv,7.68989502573526
VR3_Dzv,7.143694147007599
SpAbs_Dzse,491.47209346056377
SpMax_Dzse,245.608685124688
SpDiam_Dzse,358.4028675026994
SpAD_Dzse,492.1654089408032
SpMAD_Dzse,12.15189301050676
LogEE_Dzse,245.608685124688
SM1_Dzse,1.478830552222472
VE1_Dzse,6.196685423621261
VE2_Dzse,0.1544765476298953
VE3_Dzse,3.210308862398295
VR1_Dzse,308.2631199380387
VR2_Dzse,7.609975570063202
VR3_Dzse,7.117907494229178
SpAbs_Dzpe,485.7555987174833
SpMax_Dzpe,243.60470931465352
SpDiam_Dzpe,353.89546714723275
SpAD_Dzpe,487.3955122038674
SpMAD_Dzpe,11.953160600945164
LogEE_Dzpe,243.60470931465352
SM1_Dzpe,1.611842105263158
VE1_Dzpe,6.236599146661055
VE2_Dzpe,0.1539875712124848
VE3_Dzpe,3.217441104990008
VR1_Dzpe,310.9164792154746
VR2_Dzpe,7.644668551758038
VR3_Dzpe,7.141781922184857
SpAbs_Dzare,481.6177470890136
SpMax_Dzare,241.1505894720463
SpDiam_Dzare,350.234113843203
SpAD_Dzare,483.17984945915646
SpMAD_Dzare,11.821486917079426
LogEE_Dzare,241.1505894720463
SM1_Dzare,1.7043434836395823
VE1_Dzare,6.236327435630625
VE2_Dzare,0.1540069493273123
VE3_Dzare,3.217406884339104
VR1_Dzare,310.82883555754506
VR2_Dzare,7.642858085246896
VR3_Dzare,7.139271650862234
SpAbs_Dzp,659.148102347346
SpMax_Dzp,326.54775520475056
SpDiam_Dzp,475.16455322334815
SpAD_Dzp,656.167506278426
SpMAD_Dzp,16.14096609976128
LogEE_Dzp,326.54775520475056
SM1_Dzp,-5.79186125595103
VE1_Dzp,6.215148846547223
VE2_Dzp,0.1536577156214683
VE3_Dzp,3.219396956217993
VR1_Dzp,312.94079467442447
VR2_Dzp,7.720432765138327
VR3_Dzp,7.14926793046031
SpAbs_Dzi,473.3897019693598
SpMax_Dzi,237.346524451511
SpDiam_Dzi,345.3712422825241
SpAD_Dzi,475.3525841084305
SpMAD_Dzi,11.70954573863063
LogEE_Dzi,237.346524451511
SM1_Dzi,1.7525383144768494
VE1_Dzi,6.236150747835997
VE2_Dzi,0.1539829392888138
VE3_Dzi,3.217430899741268
VR1_Dzi,310.32406957664443
VR2_Dzi,7.647020144823625
VR3_Dzi,7.141646308127695
BertzCT,1518.759031817189
nBonds,79.0
nBondsO,45.0
nBondsS,51.0
nBondsD,2.0
nBondsA,23.0
nBondsM,25.0
nBondsKS,65.0
nBondsKD,12.0
RNCG,0.1258556787524066
RPCG,0.0656450947145612
C1SP2,3.0
C2SP2,14.0
C3SP2,4.0
C1SP3,5.0
C2SP3,2.0
C3SP3,0.0
HybRatio,0.2926829268292683
FCSP3,0.2926829268292683
Xch-5d,0.0785674201318386
Xch-6d,0.4819019230097093
Xch-7d,0.8559894537879978
Xch-5dv,0.0279508497187473
Xch-6dv,0.1722409109077621
Xch-7dv,0.2479304259880711
Xc-3d,2.412394481005961
Xc-4d,0.0
Xc-5d,0.5749149571305296
Xc-6d,0.0
Xc-3dv,1.180022104524638
Xc-4dv,0.0
Xc-5dv,0.1667779805720223
Xc-6dv,0.0
Xpc-4d,5.933530716615381
Xpc-5d,9.746642806858151
Xpc-6d,15.49946831034491
Xpc-4dv,2.360961447169059
Xpc-5dv,3.255152008606602
Xpc-6dv,4.215149541049576
Xp-0d,28.22503939238571
Xp-1d,19.61932617617863
Xp-2d,17.62382341824259
Xp-3d,14.93892136302306
Xp-4d,12.74474985061312
Xp-5d,10.53940457133741
Xp-6d,7.699931996212583
Xp-7d,5.997498782467496
AXp-0d,0.6924472745342043
AXp-1d,0.4357409218278073
AXp-2d,0.278137147472469
AXp-3d,0.1752952069983905
AXp-4d,0.109795260167613
AXp-5d,0.0693309593313816
AXp-6d,0.0436427563785135
AXp-7d,0.0277810954391216
Xp-0dv,23.24079255212344
Xp-1dv,14.20731083336013
Xp-2dv,10.8102902732696
Xp-3dv,7.647011551321423
Xp-4dv,5.491019159533772
Xp-5dv,3.812977252166796
Xp-6dv,2.343608446535616
Xp-7dv,1.550560410668979
AXp-0dv,0.5751064267294268
AXp-1dv,0.3126570427806329
AXp-2dv,0.1680966133551042
AXp-3dv,0.0890860602591583
AXp-4dv,0.0471342260057232
AXp-5dv,0.0246980251375468
AXp-6dv,0.0129758225355915
AXp-7dv,0.0068489230876051
SZ,49.00000000000001
Sm,46.26817084339355
Sv,47.31259902300022
Sse,73.65258557902403
Spe,71.6078431372549
Sare,72.396
Sp,50.86427604790418
Si,83.22312567160733
MZ,0.6613756613756613
Mm,0.6251796963894207
Mv,0.6401521804988193
Mse,1.001153192522457
Mpe,0.9670588235294116
Mare,0.9794761904761904
Mp,0.6816083775306528
Mi,1.126472066733877
SpAbs_D,639.7474694180842
SpMax_D,319.873734709042
SpDiam_D,459.7234885347873
SpAD_D,639.7474694180839
SpMAD_D,15.479254074666969
LogEE_D,319.873734709042
VE1_D,6.238425276779396
VE2_D,0.1544351987682488
VE3_D,3.2173555307773585
VR1_D,308.5213874443185
VR2_D,7.618767235011705
VR3_D,7.13570445474583
NsCH3,2.0
NssCH2,6.0
NdsCH,0.0
NaaCH,10.0
NsssCH,0.0
NdssC,1.0
NaasC,6.0
NaaaC,4.0
NsNH2,0.0
NssNH,1.0
NaaNH,0.0
NdsN,0.0
NaaN,1.0
NsssN,1.0
NaasN,1.0
NsOH,0.0
NdO,2.0
NssO,0.0
NaaO,0.0
NsF,0.0
SsCH3,3.462172672094764
SssCH2,4.335704797610218
SdsCH,0.0
SaaCH,19.04243874169538
SsssCH,0.0
SdssC,0.0
SaasC,3.019424788665063
SaaaC,2.248947406059149
SsNH2,0.0
SssNH,3.673928308977912
SaaNH,0.0
SdsN,0.0
SaaN,4.36258834454715
SsssN,2.205551852005711
SaasN,1.504583209048847
SsOH,0.0
SdO,22.32211625455416
SssO,0.0
SaaO,0.0
SsF,0.0
MAXssCH2,0.9651059775762156
MAXaaCH,2.041561150816991
MAXaasC,0.9451602092091812
MINssCH2,0.4993472830920735
MINaaCH,1.810305772370166
MINaasC,0.5766287881601823
ECIndex,1366.0
ETA_alpha,19.3
AETA_alpha,0.47527808676307
ETA_shape_p,0.0880626223091976
ETA_shape_y,0.3376968771962437
ETA_shape_x,0.0
ETA_beta,50.5
AETA_beta,1.287689393939394
ETA_beta_s,26.75
AETA_beta_s,0.6611111111111111
ETA_beta_ns,24.0
AETA_beta_ns,0.6234756097560976
ETA_beta_ns_d,0.5
AETA_beta_ns_d,0.0172413793103448
ETA_eta,37.76982672718032
AETA_eta,0.9497524377560974
ETA_eta_L,9.246141848494952
AETA_eta_L,0.2317376954978369
ETA_eta_R,81.81520220061104
AETA_eta_R,2.034820907216505
ETA_eta_RL,19.52698356085113
AETA_eta_RL,0.4874538940891117
ETA_eta_F,43.89626467410246
AETA_eta_F,1.101768851079341
ETA_eta_FL,9.821858229318636
AETA_eta_FL,0.2527767511134213
ETA_eta_B,0.4159500042314512
AETA_eta_B,0.010401292130211
ETA_eta_BR,0.8731630738143737
AETA_eta_BR,0.0228907020088771
ETA_dAlpha_A,0.0
ETA_dAlpha_B,0.0252032520325202
ETA_epsilon_1,0.584100529100529
ETA_epsilon_2,0.8160493827160493
ETA_epsilon_3,0.4446808510638298
ETA_epsilon_4,0.5255349794238683
ETA_epsilon_5,0.7833333333333333
ETA_dEpsilon_A,0.1387744837079648
ETA_dEpsilon_B,0.0567006187272144
ETA_dEpsilon_C,-0.0804055998510318
ETA_dEpsilon_D,0.0237615912615912
ETA_dBeta,-1.25
AETA_dBeta,-0.0374579124579124
ETA_psi_1,0.5829466481342884
ETA_dPsi_A,0.1310533518657115
fragCpx,412.06
fMF,0.4693877551020408
nHBAcc,6.0
nHBDon,2.0
IC0,1.517788074734206
IC1,3.345543847583117
IC2,4.368742552530725
IC3,5.028890488618677
IC4,5.213884958115001
IC5,5.302915339393915
TIC0,111.1493208202197
TIC1,246.7298678514721
TIC2,324.3131660087317
TIC3,369.969937597356
TIC4,382.8376427895875
TIC5,387.4881875176936
SIC0,0.2444352678458712
SIC1,0.5420943784146414
SIC2,0.7141093041675112
SIC3,0.8130153687126348
SIC4,0.8474500082618285
SIC5,0.863212784623877
BIC0,0.2322005857759241
BIC1,0.5175588956355357
BIC2,0.6762488686793364
BIC3,0.7733718589048053
BIC4,0.8059786306351683
BIC5,0.8205295567114346
CIC0,4.705193314708186
CIC1,2.836688479881395
CIC2,1.79244089958649
CIC3,1.15677044402633
CIC4,0.962962962962962
CIC5,0.8433734939759034
MIC0,14.22993962598918
MIC1,31.57691014270462
MIC2,38.77793628904536
MIC3,41.29905945809188
MIC4,41.96569365700063
MIC5,42.36352315939007
ZMIC0,134.0110310798084
ZMIC1,75.52626049116863
ZMIC2,48.21976910834878
ZMIC3,39.29541032266406
ZMIC4,36.76987164558325
ZMIC5,35.43360094393501
Kier1,30.64322916666667
Kier2,14.21
Kier3,7.372400756143668
Lipinski,0.0
GhoseFilter,0.0
FilterItLogS,-7.572225828502456
VMcGowan,420.0200000000001
LabuteASA,237.6174551696436
PEOE_VSA1,18.9474518152002
PEOE_VSA2,9.589074368143644
PEOE_VSA3,4.983978520947209
PEOE_VSA4,0.0
PEOE_VSA5,0.0
PEOE_VSA6,24.26546827384644
PEOE_VSA7,51.61444254938122
PEOE_VSA8,36.29116239982537
PEOE_VSA9,18.05947324743932
PEOE_VSA10,5.817862777835028
PEOE_VSA11,0.0
PEOE_VSA12,0.0
PEOE_VSA13,0.0
SMR_VSA1,15.31958218452212
SMR_VSA3,19.18449258890996
SMR_VSA4,0.0
SMR_VSA5,19.3863996517646
SMR_VSA6,37.0604723976361
SMR_VSA7,76.60914701248079
SMR_VSA9,5.749511833283905
SlogP_VSA1,16.16027382916571
SlogP_VSA2,58.15196488305939
SlogP_VSA3,13.02770358743893
SlogP_VSA4,0.0
SlogP_VSA5,25.68328649170404
SlogP_VSA6,64.58211308142583
SlogP_VSA8,27.881869970996
SlogP_VSA10,5.687386274683562
SlogP_VSA11,0.0
EState_VSA1,0.0
EState_VSA2,11.38785598969692
EState_VSA3,13.39982427061275
EState_VSA4,45.44149049242832
EState_VSA5,12.13273413692322
EState_VSA6,7.109797541277533
EState_VSA7,28.19068793070876
EState_VSA8,40.15655418317735
EState_VSA9,9.401129458000556
EState_VSA10,9.589074368143644
VSA_EState1,4.845348475314065
VSA_EState2,24.71583206096037
VSA_EState3,9.346845249157209
VSA_EState4,5.628136727423344
VSA_EState5,0.0
VSA_EState6,16.93635497332287
VSA_EState7,4.041361093411959
VSA_EState8,3.551280337355651
VSA_EState9,0.0
MDEC-22,17.19233433460899
MDEC-23,29.88808640759906
MDEC-33,13.05314579852713
MID,83.54683903117544
AMID,2.075300808284726
MID_h,18.184331884923992
AMID_h,0.4555990054958417
MID_C,64.31886270354113
AMID_C,1.6222755583652946
MID_N,12.457337881031364
AMID_N,0.3077449869069422
MID_O,3.625888298214705
AMID_O,0.1098963902621534
MID_X,0.0
AMID_X,0.0
MPC2,62.0
MPC3,85.0
MPC4,116.0
MPC5,152.0
MPC6,177.0
MPC7,220.0
MPC8,267.0
MPC9,314.0
MPC10,346.0
TMPC10,1850.0
piPC1,4.0943445622221
piPC2,4.695924549256556
piPC3,5.31443674842792
piPC4,5.973968632303722
piPC5,6.606776867363007
piPC6,7.065186286930966
piPC7,7.569830951237419
piPC8,8.078111512573189
piPC9,8.540009043993749
piPC10,8.886553892308578
TpiPC10,9.92338534227726
apol,84.943341
bpol,43.81941699999999
nRing,6.0
n5Ring,1.0
n6Ring,4.0
nHRing,3.0
n5HRing,1.0
n6HRing,2.0
naRing,4.0
n5aRing,0.0
n6aRing,4.0
naHRing,2.0
n5aHRing,0.0
n6aHRing,1.0
nARing,1.0
n5ARing,0.0
n6ARing,0.0
nAHRing,1.0
n5AHRing,0.0
n6AHRing,0.0
nFRing,1.0
n9FRing,0.0
n10FRing,0.0
nG12FRing,1.0
nFHRing,1.0
n9FHRing,0.0
n10FHRing,0.0
nG12FHRing,1.0
nFaRing,1.0
n10FaRing,0.0
nG12FaRing,0.0
nFaHRing,1.0
n10FaHRing,0.0
nG12FaHRing,0.0
nFARing,0.0
nG12FARing,0.0
nFAHRing,0.0
nG12FAHRing,0.0
nRot,8.0
RotRatio,0.1875
SLogP,4.036000000000003
SMR,157.8885999999998
TopoPSA(NO),90.68
TopoPSA,90.68
GGI1,7.0
GGI2,4.444444444444446
GGI3,2.6875
GGI4,2.475555555555556
GGI5,1.430555555555555
GGI6,0.926530612244898
GGI7,0.6519628684807257
GGI8,0.4915832073570168
GGI9,0.35375
GGI10,0.2560963167023773
JGI1,0.1583333333333334
JGI2,0.0698412698412698
JGI3,0.0416666666666666
JGI4,0.0389682539682539
JGI5,0.0239898989898989
JGI6,0.0164030612244897
JGT10,0.3844490484120843
Diameter,20.0
Radius,10.0
TopoShapeIndex,0.9375
PetitjeanIndex,0.4838709677419355
Vabc,480.6173013507493
VAdjMat,6.491853096329675
MWC01,45.0
MWC02,5.370638028127662
MWC03,6.236369590203704
MWC04,7.128495945680037
MWC05,8.014666370464942
MWC06,8.906935339059165
MWC07,9.80272754938498
MWC08,10.70528732392309
MWC09,11.60768094550281
MWC10,12.5241954127953
TMWC10,165.693777599727
SRW02,4.51085950651685
SRW04,5.831882477283517
SRW05,2.397895272798371
SRW06,7.356918242356021
SRW07,4.727387818712341
SRW08,8.986071187374462
SRW09,6.880384082186005
SRW10,10.66136854766264
TSRW10,84.89682154424023
MW,555.188524808001
AMW,7.503451437555567
WPath,6168.0
WPol,67.0
Zagreb1,214.0
Zagreb2,255.0
mZagreb1,11.0
mZagreb2,8.916666666666664
